"ID","Trial","EventN","EventType","StimName","StartTime","EndTime","Duration","RT"
"8247174","1","1","product","chips.png","10.756371458002832","14.769783707975876","4.013412249973044",""
"8247174","1","2","fixation","fixation.png","14.801149541977793","16.246553124976344","1.4454035829985514",""
